{"cameraMode":{"drawMode":0,"name":"Shaded","section":"Shading Mode"},"sceneLighting":false,"audioPlay":false,"sceneViewState":{"m_AlwaysRefresh":false,"showFog":true,"showSkybox":false,"showFlares":true,"showImageEffects":true,"showParticleSystems":true,"showVisualEffectGraphs":true,"m_FxEnabled":true},"in2DMode":false,"pivot":{"x":4.005593776702881,"y":6.902515888214111,"z":9.496661186218262},"rotation":{"x":0.04814647510647774,"y":0.10353595018386841,"z":-0.0039674146100878719,"w":0.9936743378639221},"size":10.470891952514649,"orthographic":true}