{"cameraMode":{"drawMode":0,"name":"Shaded","section":"Shading Mode"},"sceneLighting":false,"audioPlay":false,"sceneViewState":{"m_AlwaysRefresh":false,"showFog":true,"showSkybox":false,"showFlares":true,"showImageEffects":true,"showParticleSystems":true,"showVisualEffectGraphs":true,"m_FxEnabled":true},"in2DMode":false,"pivot":{"x":364.9153137207031,"y":121.98316955566406,"z":509.4002380371094},"rotation":{"x":0.05975675582885742,"y":-0.6564480662345886,"z":0.052790891379117969,"w":0.7503153085708618},"size":4.133576393127441,"orthographic":true}