{"cameraMode":{"drawMode":0,"name":"Shaded","section":"Shading Mode"},"sceneLighting":false,"audioPlay":false,"sceneViewState":{"m_AlwaysRefresh":false,"showFog":true,"showSkybox":false,"showFlares":true,"showImageEffects":true,"showParticleSystems":true,"showVisualEffectGraphs":true,"m_FxEnabled":true},"in2DMode":false,"pivot":{"x":-0.049116142094135287,"y":1.4922497272491456,"z":-0.04321006312966347},"rotation":{"x":0.06551685184240341,"y":0.6845380663871765,"z":0.06111317127943039,"w":-0.7237497568130493},"size":1.4978846311569214,"orthographic":true}