{"cameraMode":{"drawMode":0,"name":"Shaded","section":"Shading Mode"},"sceneLighting":false,"audioPlay":false,"sceneViewState":{"m_AlwaysRefresh":false,"showFog":true,"showSkybox":false,"showFlares":true,"showImageEffects":true,"showParticleSystems":true,"showVisualEffectGraphs":true,"m_FxEnabled":true},"in2DMode":false,"pivot":{"x":-0.6373031139373779,"y":0.9542152285575867,"z":0.1873805969953537},"rotation":{"x":-0.11205128580331803,"y":0.09255193918943405,"z":-0.011034032329916954,"w":-0.9895450472831726},"size":1.626918077468872,"orthographic":true}