{"cameraMode":{"drawMode":0,"name":"Shaded","section":"Shading Mode"},"sceneLighting":false,"audioPlay":false,"sceneViewState":{"m_AlwaysRefresh":false,"showFog":true,"showSkybox":false,"showFlares":true,"showImageEffects":true,"showParticleSystems":true,"showVisualEffectGraphs":true,"m_FxEnabled":true},"in2DMode":false,"pivot":{"x":2.9555351734161379,"y":3.2544283866882326,"z":8.042509078979493},"rotation":{"x":0.09010232239961624,"y":0.06009490415453911,"z":-0.004400252364575863,"w":0.9943300485610962},"size":0.6572915315628052,"orthographic":true}