{"cameraMode":{"drawMode":0,"name":"Shaded","section":"Shading Mode"},"sceneLighting":false,"audioPlay":false,"sceneViewState":{"m_AlwaysRefresh":false,"showFog":true,"showSkybox":false,"showFlares":true,"showImageEffects":true,"showParticleSystems":true,"showVisualEffectGraphs":true,"m_FxEnabled":true},"in2DMode":false,"pivot":{"x":0.19731426239013673,"y":7.986202239990234,"z":-0.8502378463745117},"rotation":{"x":0.02128271944820881,"y":-0.05727533623576164,"z":0.0010668353643268347,"w":0.9982123374938965},"size":9.707810401916504,"orthographic":true}