{"cameraMode":{"drawMode":0,"name":"Shaded","section":"Shading Mode"},"sceneLighting":false,"audioPlay":false,"sceneViewState":{"m_AlwaysRefresh":false,"showFog":true,"showSkybox":false,"showFlares":true,"showImageEffects":true,"showParticleSystems":true,"showVisualEffectGraphs":true,"m_FxEnabled":true},"in2DMode":false,"pivot":{"x":328.06939697265627,"y":102.93067932128906,"z":471.75067138671877},"rotation":{"x":-0.012930544093251229,"y":-0.6884793639183044,"z":0.010794572532176972,"w":-0.7254695296287537},"size":15.772615432739258,"orthographic":false}