{"cameraMode":{"drawMode":0,"name":"Shaded","section":"Shading Mode"},"sceneLighting":false,"audioPlay":false,"sceneViewState":{"m_AlwaysRefresh":false,"showFog":true,"showSkybox":false,"showFlares":true,"showImageEffects":true,"showParticleSystems":true,"showVisualEffectGraphs":true,"m_FxEnabled":true},"in2DMode":false,"pivot":{"x":0.016531825065612794,"y":0.02267250418663025,"z":-0.017323702573776246},"rotation":{"x":-0.026827868074178697,"y":0.9724546670913696,"z":-0.18478456139564515,"w":-0.1400536745786667},"size":0.8660253882408142,"orthographic":true}