{"cameraMode":{"drawMode":0,"name":"Shaded","section":"Shading Mode"},"sceneLighting":false,"audioPlay":false,"sceneViewState":{"m_AlwaysRefresh":false,"showFog":true,"showSkybox":false,"showFlares":true,"showImageEffects":true,"showParticleSystems":true,"showVisualEffectGraphs":true,"m_FxEnabled":true},"in2DMode":false,"pivot":{"x":340.3953552246094,"y":129.42201232910157,"z":554.9219970703125},"rotation":{"x":0.005681618582457304,"y":0.16873979568481446,"z":0.0005597402341663837,"w":-0.9858652353286743},"size":0.39481544494628909,"orthographic":true}