{"cameraMode":{"drawMode":0,"name":"Shaded","section":"Shading Mode"},"sceneLighting":false,"audioPlay":false,"sceneViewState":{"m_AlwaysRefresh":false,"showFog":true,"showSkybox":false,"showFlares":true,"showImageEffects":true,"showParticleSystems":true,"showVisualEffectGraphs":true,"m_FxEnabled":true},"in2DMode":false,"pivot":{"x":364.65167236328127,"y":122.01617431640625,"z":508.9267272949219},"rotation":{"x":0.1345832198858261,"y":0.07252892106771469,"z":-0.009454697370529175,"w":0.9883338212966919},"size":3.4662575721740724,"orthographic":true}